client,role,name,platform,handle,post_id,url,date,format,duration_s,views,likes,comments,shares,caption,hashtags,source
rakha,benchmark,EconplusDal,youtube,EconplusDal,MIKt6ewrj5U,https://www.youtube.com/watch?v=MIKt6ewrj5U,,video,784,4100,,,,"Balance of Payments (Current Account, Financial Account and Capital Account) ",,yt-dlp
rakha,benchmark,EconplusDal,youtube,EconplusDal,S-kGdfeGCD0,https://www.youtube.com/watch?v=S-kGdfeGCD0,,video,327,3200,,,,Credit Creation and the Money Multiplier - How do Commercial Banks Make Money? ,,yt-dlp
rakha,benchmark,EconplusDal,youtube,EconplusDal,E1ik0qH8XkE,https://www.youtube.com/watch?v=E1ik0qH8XkE,,video,175,22000,,,,EconplusDal's Analysis and Evaluation Packs BRAND NEW 4th Edition - The Path to Economics Mastery! ,,yt-dlp
rakha,benchmark,EconplusDal,youtube,EconplusDal,Q0lnHEV4ZRs,https://www.youtube.com/watch?v=Q0lnHEV4ZRs,,video,983,12000,,,,DAL Writes A Model Micro/Macro Effects 25 Marker - Edexcel Paper 3 ,,yt-dlp
rakha,benchmark,EconplusDal,youtube,EconplusDal,6cgkZFBeMR0,https://www.youtube.com/watch?v=6cgkZFBeMR0,,video,1056,11000,,,,DAL Writes A Model 25 Marker - AQA Paper 3 ,,yt-dlp
rakha,benchmark,EconplusDal,youtube,EconplusDal,PS4swvGel9M,https://www.youtube.com/watch?v=PS4swvGel9M,,video,298,13000,,,,"Development - Factors, Barriers, Policies - Micro/Macro Paper 3 Revision (AQA/Edexcel) ",,yt-dlp
rakha,benchmark,EconplusDal,youtube,EconplusDal,UcyNDR7iMM4,https://www.youtube.com/watch?v=UcyNDR7iMM4,,video,423,14000,,,,You NEED This for Paper 3 Perfection! (AQA/OCR) - Multiple Choice ,,yt-dlp
rakha,benchmark,EconplusDal,youtube,EconplusDal,_Czt3xhBipE,https://www.youtube.com/watch?v=_Czt3xhBipE,,video,386,18000,,,,Macro Policy - Micro/Macro Effects - Paper 3 Revision! (AQA/Edexcel) ,,yt-dlp
rakha,benchmark,EconplusDal,youtube,EconplusDal,qqxWkfpi_bA,https://www.youtube.com/watch?v=qqxWkfpi_bA,,video,377,17000,,,,What are Micro and Macro Effects? 25 Marker Paper 3 Revision (AQA/Edexcel) ,,yt-dlp
rakha,benchmark,EconplusDal,youtube,EconplusDal,UJtUw88_Tzk,https://www.youtube.com/watch?v=UJtUw88_Tzk,,video,351,23000,,,,Micro/Macro Effects Common Topic Areas - Crucial Paper 3 Revision! (AQA/Edexcel) ,,yt-dlp
rakha,benchmark,EconplusDal,youtube,EconplusDal,eWmo9MJNajY,https://www.youtube.com/watch?v=eWmo9MJNajY,,video,686,11000,,,,Edexcel Paper 3 Revision Advice and Walkthrough! (Edexcel A) ,,yt-dlp
rakha,benchmark,EconplusDal,youtube,EconplusDal,5fgdTbWZOMU,https://www.youtube.com/watch?v=5fgdTbWZOMU,,video,801,2300,,,,OCR Paper 3 Revision Advice and Walkthrough! ,,yt-dlp
rakha,benchmark,EconplusDal,youtube,EconplusDal,5pHZ1dOhKK4,https://www.youtube.com/watch?v=5pHZ1dOhKK4,,video,1155,14000,,,,AQA Paper 3 Advice and Walkthrough! ,,yt-dlp
rakha,benchmark,EconplusDal,youtube,EconplusDal,j4RlqXRh1IQ,https://www.youtube.com/watch?v=j4RlqXRh1IQ,,video,140,8400,,,,Paper 3 Guidance - For All Exam Boards ,,yt-dlp
rakha,benchmark,EconplusDal,youtube,EconplusDal,Dwk4-YXk4y4,https://www.youtube.com/watch?v=Dwk4-YXk4y4,,video,582,25000,,,,Monetary Policy UK Themes - HOT TOPIC for Paper 2! Must Watch 🔥 ,,yt-dlp
rakha,benchmark,EconplusDal,youtube,EconplusDal,ogLWduNVhOg,https://www.youtube.com/watch?v=ogLWduNVhOg,,video,532,38000,,,,5 POWER Macro Diagrams For Paper 2!!! 💪🔥 ,,yt-dlp
rakha,benchmark,EconplusDal,youtube,EconplusDal,yvG5WA_ZPNU,https://www.youtube.com/watch?v=yvG5WA_ZPNU,,video,699,31000,,,,9 Unbelievable Ways to Show Off in Paper 2! Incredible Paper 2 Revision 😎 ,,yt-dlp
rakha,benchmark,EconplusDal,youtube,EconplusDal,O3uuFX3whVw,https://www.youtube.com/watch?v=O3uuFX3whVw,,video,361,21000,,,,Paper 2 Revision and Preparation Advice - For All Exam Boards! ,,yt-dlp
rakha,benchmark,EconplusDal,youtube,EconplusDal,cnBu3Zigwxo,https://www.youtube.com/watch?v=cnBu3Zigwxo,,video,501,35000,,,,Y2 32) Deregulation ,,yt-dlp
rakha,benchmark,EconplusDal,youtube,EconplusDal,f-REL1SWzf0,https://www.youtube.com/watch?v=f-REL1SWzf0,,video,1282,28000,,,,Write Paper 1 Essays Like Dal 💪 A* Example Essay Plans ,,yt-dlp
rakha,benchmark,EconplusDal,youtube,EconplusDal,Vfr3ztbMjcw,https://www.youtube.com/watch?v=Vfr3ztbMjcw,,video,868,34000,,,,6 Paper 1 Mistakes That Will Cost You an A* 😱 ,,yt-dlp
rakha,benchmark,EconplusDal,youtube,EconplusDal,NMp0Hkbicro,https://www.youtube.com/watch?v=NMp0Hkbicro,,video,760,9400,,,,AQA Paper 1 & 2 -  Paper Walkthrough & Advice! ,,yt-dlp
rakha,benchmark,EconplusDal,youtube,EconplusDal,LvqfRqYqA5Q,https://www.youtube.com/watch?v=LvqfRqYqA5Q,,video,368,2200,,,,OCR Paper 1 & 2 - Paper Walkthrough & Advice! ,,yt-dlp
rakha,benchmark,EconplusDal,youtube,EconplusDal,5J2IhuZcBrU,https://www.youtube.com/watch?v=5J2IhuZcBrU,,video,641,8800,,,,Edexcel Paper 1 & 2 - Paper Walkthrough & Advice! (Edexcel A) ,,yt-dlp
rakha,benchmark,EconplusDal,youtube,EconplusDal,LuVmxYVN-p8,https://www.youtube.com/watch?v=LuVmxYVN-p8,,video,808,51000,,,,5 BEAUTIFUL Micro Diagrams to STUN Paper 1 Examiners!!! 🔥 ,,yt-dlp
rakha,benchmark,EconplusDal,youtube,EconplusDal,-UfX2hy8xVU,https://www.youtube.com/watch?v=-UfX2hy8xVU,,video,525,10000,,,,Wealth Inequality Consequences - Pros and Cons ,,yt-dlp
rakha,benchmark,EconplusDal,youtube,EconplusDal,PYfowQwuC3M,https://www.youtube.com/watch?v=PYfowQwuC3M,,video,568,11000,,,,Income Inequality & Poverty Consequences - Pros and Cons ,,yt-dlp
rakha,benchmark,EconplusDal,youtube,EconplusDal,gXAa9KtxAL8,https://www.youtube.com/watch?v=gXAa9KtxAL8,,video,704,12000,,,,Edexcel Paper 2 Hot Topics - 2026! ,,yt-dlp
rakha,benchmark,EconplusDal,youtube,EconplusDal,Ty_-b8AhE70,https://www.youtube.com/watch?v=Ty_-b8AhE70,,video,734,14000,,,,AQA Paper 2 Hot Topics - 2026! ,,yt-dlp
rakha,benchmark,EconplusDal,youtube,EconplusDal,-0VhWVj-1mk,https://www.youtube.com/watch?v=-0VhWVj-1mk,,video,1432,46000,,,,UK Economy Stats 2026 - A* Gold for Macro Exams! ,,yt-dlp
rakha,benchmark,Economics Explained,youtube,EconomicsExplained,b64TPQDSpYQ,https://www.youtube.com/watch?v=b64TPQDSpYQ,,video,978,494000,,,,"Can $55,000 Solve The Population Crisis? ",,yt-dlp
rakha,benchmark,Economics Explained,youtube,EconomicsExplained,QtZfbWOkoIY,https://www.youtube.com/watch?v=QtZfbWOkoIY,,video,849,1300000,,,,Australia May Have Just Solved The Housing Crisis ,,yt-dlp
rakha,benchmark,Economics Explained,youtube,EconomicsExplained,rqlDPfdXQOk,https://www.youtube.com/watch?v=rqlDPfdXQOk,,video,933,882000,,,,Why Europe's GDP Growth Is Crippling Its Economy ,,yt-dlp
rakha,benchmark,Economics Explained,youtube,EconomicsExplained,G2b0JOgLpeg,https://www.youtube.com/watch?v=G2b0JOgLpeg,,video,1184,776000,,,,Has Inequality Ever Been Worse? ,,yt-dlp
rakha,benchmark,Economics Explained,youtube,EconomicsExplained,jknb1YE6zdY,https://www.youtube.com/watch?v=jknb1YE6zdY,,video,810,1300000,,,,Finally a Country Is Taxing Its Billionaires ,,yt-dlp
rakha,benchmark,Economics Explained,youtube,EconomicsExplained,TsfsoaNFyTQ,https://www.youtube.com/watch?v=TsfsoaNFyTQ,,video,1027,1200000,,,,Economics Is A Junk Science ,,yt-dlp
rakha,benchmark,Economics Explained,youtube,EconomicsExplained,4kSd7zyXGo0,https://www.youtube.com/watch?v=4kSd7zyXGo0,,video,799,1000000,,,,Why New Zealand Is the Only Safe Haven Left ,,yt-dlp
rakha,benchmark,Economics Explained,youtube,EconomicsExplained,i_kzsY5Msbw,https://www.youtube.com/watch?v=i_kzsY5Msbw,,video,1397,546000,,,,"Unfortunately, AI Might Be Turning Us Into Peasants ",,yt-dlp
rakha,benchmark,Economics Explained,youtube,EconomicsExplained,iI3tT6CCVH8,https://www.youtube.com/watch?v=iI3tT6CCVH8,,video,1101,538000,,,,Almost No One Realizes This About AI Data Centers ,,yt-dlp
rakha,benchmark,Economics Explained,youtube,EconomicsExplained,-OI7CL_kyUo,https://www.youtube.com/watch?v=-OI7CL_kyUo,,video,1076,675000,,,,"How Kim Jong Un ""Accidentally"" Fixed North Korea's Economy ",,yt-dlp
rakha,benchmark,Economics Explained,youtube,EconomicsExplained,RYdGEYkYCQ4,https://www.youtube.com/watch?v=RYdGEYkYCQ4,,video,1236,533000,,,,The End Game of UK Economics ,,yt-dlp
rakha,benchmark,Economics Explained,youtube,EconomicsExplained,PRJra_9RLf0,https://www.youtube.com/watch?v=PRJra_9RLf0,,video,961,249000,,,,Where Has Venezuela's Oil Gone? ,,yt-dlp
rakha,benchmark,Economics Explained,youtube,EconomicsExplained,72pGczK3j7s,https://www.youtube.com/watch?v=72pGczK3j7s,,video,1262,231000,,,,Cuba Was Barely Holding On… And Then The Oil Ran Out ,,yt-dlp
rakha,benchmark,Economics Explained,youtube,EconomicsExplained,b665H_Tywg0,https://www.youtube.com/watch?v=b665H_Tywg0,,video,1736,316000,,,,Why Is the World In So Much Debt ,,yt-dlp
rakha,benchmark,Economics Explained,youtube,EconomicsExplained,Efwafl87Yb8,https://www.youtube.com/watch?v=Efwafl87Yb8,,video,1328,483000,,,,How Has Nepal Been Going? ,,yt-dlp
rakha,benchmark,Economics Explained,youtube,EconomicsExplained,J9PzjUlyzAY,https://www.youtube.com/watch?v=J9PzjUlyzAY,,video,1200,1100000,,,,The Economy Gave Up On Young People ... It's Starting To Show ,,yt-dlp
rakha,benchmark,Economics Explained,youtube,EconomicsExplained,Figev-6iaE0,https://www.youtube.com/watch?v=Figev-6iaE0,,video,2852,416000,,,,"How AI Will Play Out, Explained ",,yt-dlp
rakha,benchmark,Economics Explained,youtube,EconomicsExplained,6gSfq7kGZhE,https://www.youtube.com/watch?v=6gSfq7kGZhE,,video,972,321000,,,,Iran's Economy Was Collapsing … And Then The War Started ,,yt-dlp
rakha,benchmark,Economics Explained,youtube,EconomicsExplained,JwklXWLy2UA,https://www.youtube.com/watch?v=JwklXWLy2UA,,video,1159,149000,,,,Get Rich Or Die Tryin' ... Literally ,,yt-dlp
rakha,benchmark,Economics Explained,youtube,EconomicsExplained,OkiZE8n5Jdo,https://www.youtube.com/watch?v=OkiZE8n5Jdo,,video,1241,827000,,,,"Dubai Was An Economic Miracle, Then They Got Bombed ",,yt-dlp
rakha,benchmark,Economics Explained,youtube,EconomicsExplained,rId69udDbwM,https://www.youtube.com/watch?v=rId69udDbwM,,video,1198,234000,,,,"No One Is Talking About the ""Winners"" of the Iran War ",,yt-dlp
rakha,benchmark,Economics Explained,youtube,EconomicsExplained,wDAY1NNFtTg,https://www.youtube.com/watch?v=wDAY1NNFtTg,,video,828,343000,,,,Why Are Countries Abandoning OPEC? ,,yt-dlp
rakha,benchmark,Economics Explained,youtube,EconomicsExplained,vhD3IEpIAAk,https://www.youtube.com/watch?v=vhD3IEpIAAk,,video,1062,415000,,,,The Iran War Looks Very Different from Europe ,,yt-dlp
rakha,benchmark,Economics Explained,youtube,EconomicsExplained,3xWGfniQMdQ,https://www.youtube.com/watch?v=3xWGfniQMdQ,,video,1009,400000,,,,Does Taiwan Have Dutch Disease? ,,yt-dlp
rakha,benchmark,Economics Explained,youtube,EconomicsExplained,qDVPFAuBSXw,https://www.youtube.com/watch?v=qDVPFAuBSXw,,video,1220,421000,,,,"Uruguay Has No Resources, But They're Rich ",,yt-dlp
rakha,benchmark,Economics Explained,youtube,EconomicsExplained,1zlD0K09IKE,https://www.youtube.com/watch?v=1zlD0K09IKE,,video,1012,739000,,,,MIT Just Found The Cause Of The AI Bubble ,,yt-dlp
rakha,benchmark,Economics Explained,youtube,EconomicsExplained,01f3r_DnOPc,https://www.youtube.com/watch?v=01f3r_DnOPc,,video,1149,205000,,,,How to Rebuild an Economy ,,yt-dlp
rakha,benchmark,Economics Explained,youtube,EconomicsExplained,0B4tgG-CGXU,https://www.youtube.com/watch?v=0B4tgG-CGXU,,video,830,569000,,,,"Why $129,000 Is the New Poor ",,yt-dlp
rakha,benchmark,Economics Explained,youtube,EconomicsExplained,5xEX3LyIp04,https://www.youtube.com/watch?v=5xEX3LyIp04,,video,1701,995000,,,,What Happens When No One Wants to Trade With You? ,,yt-dlp
rakha,benchmark,Economics Explained,youtube,EconomicsExplained,Gi1zk8rLqNI,https://www.youtube.com/watch?v=Gi1zk8rLqNI,,video,950,219000,,,,Has the World Become Uninsurable? ,,yt-dlp
rakha,benchmark,El Da7ee7,youtube,Da7ee7,YoKLbVsU1qw,https://www.youtube.com/watch?v=YoKLbVsU1qw,,short,61,94000,,,,موسم جديد من برنامج الدحيح ,,yt-dlp
rakha,benchmark,El Da7ee7,youtube,Da7ee7,647fij3ECvo,https://www.youtube.com/watch?v=647fij3ECvo,,video,3601,760000,,,,الدحيح | ملخص حياتك في ساعة. ,,yt-dlp
rakha,benchmark,El Da7ee7,youtube,Da7ee7,EQQkp-AtsgQ,https://www.youtube.com/watch?v=EQQkp-AtsgQ,,video,83,200000,,,,Russia two ,,yt-dlp
rakha,benchmark,El Da7ee7,youtube,Da7ee7,CRT5Avi_Aq8,https://www.youtube.com/watch?v=CRT5Avi_Aq8,,short,61,51000,,,,نادي النجوم #shorts ,#shorts,yt-dlp
rakha,benchmark,El Da7ee7,youtube,Da7ee7,86k5OCT4YVA,https://www.youtube.com/watch?v=86k5OCT4YVA,,short,59,36000,,,,سلطنة عدوية #shorts ,#shorts,yt-dlp
rakha,benchmark,El Da7ee7,youtube,Da7ee7,i5jVLcLsUL8,https://www.youtube.com/watch?v=i5jVLcLsUL8,,video,84,45000,,,,هانيبال على الأبواب #shorts ,#shorts,yt-dlp
rakha,benchmark,El Da7ee7,youtube,Da7ee7,oW0GC81qm00,https://www.youtube.com/watch?v=oW0GC81qm00,,short,61,46000,,,,ثمن المعرفة #shorts ,#shorts,yt-dlp
rakha,benchmark,El Da7ee7,youtube,Da7ee7,Plcl5fFFFfk,https://www.youtube.com/watch?v=Plcl5fFFFfk,,short,61,51000,,,,فضول الإنسان #shorts ,#shorts,yt-dlp
rakha,benchmark,El Da7ee7,youtube,Da7ee7,Mp356Ql1chk,https://www.youtube.com/watch?v=Mp356Ql1chk,,short,62,47000,,,,حاسين بالذنب #shorts ,#shorts,yt-dlp
rakha,benchmark,El Da7ee7,youtube,Da7ee7,15uMRNzF214,https://www.youtube.com/watch?v=15uMRNzF214,,short,47,266000,,,,الدحيح | موسم جديد | حلقات جديدة ,,yt-dlp
rakha,benchmark,El Da7ee7,youtube,Da7ee7,FsVI2kN50qk,https://www.youtube.com/watch?v=FsVI2kN50qk,,video,1591,1300000,,,,الكورة مع السلامة | الموسم الأول | الحلقة الأخيرة - فرنسا 🇫🇷 ,,yt-dlp
rakha,benchmark,El Da7ee7,youtube,Da7ee7,wMApMI-28iU,https://www.youtube.com/watch?v=wMApMI-28iU,,video,1643,1500000,,,,الكورة مع السلامة | الحلقة السادسة - السنغال 🇸🇳 ,,yt-dlp
rakha,benchmark,El Da7ee7,youtube,Da7ee7,MR_SrWGQj3E,https://www.youtube.com/watch?v=MR_SrWGQj3E,,video,2039,2400000,,,,الكورة مع السلامة | الحلقة الرابعه - كوريا الشمالية 🇰🇵 ,,yt-dlp
rakha,benchmark,El Da7ee7,youtube,Da7ee7,F47qG4S89qg,https://www.youtube.com/watch?v=F47qG4S89qg,,video,1732,1600000,,,,الكورة مع السلامة | الحلقة الثالثه - كوت ديفوار ,,yt-dlp
rakha,benchmark,El Da7ee7,youtube,Da7ee7,qnBpnEmUNfQ,https://www.youtube.com/watch?v=qnBpnEmUNfQ,,video,1610,2300000,,,,الكورة مع السلامة | الحلقة الثانية - كولومبيا 🇨🇴 ,,yt-dlp
rakha,benchmark,El Da7ee7,youtube,Da7ee7,93KmHm4ggPo,https://www.youtube.com/watch?v=93KmHm4ggPo,,video,1458,3000000,,,,الكورة مع السلامة | الحلقة الأولى - البرازيل 🇧🇷 ,,yt-dlp
rakha,benchmark,El Da7ee7,youtube,Da7ee7,klrpWf0wqC0,https://www.youtube.com/watch?v=klrpWf0wqC0,,short,69,411000,,,,El Kora m3 El-Salama - برومو برنامج الكورة مع السلامة ,,yt-dlp
rakha,benchmark,El Da7ee7,youtube,Da7ee7,dfQxpz8af9I,https://www.youtube.com/watch?v=dfQxpz8af9I,,video,424,1600000,,,,الدحيح | السبب؟ (Correlation-Causation Fallacy) ,,yt-dlp
rakha,benchmark,El Da7ee7,youtube,Da7ee7,jXi-ODqD4eQ,https://www.youtube.com/watch?v=jXi-ODqD4eQ,,video,633,2300000,,,,الدحيح | قصة اقتصاد عمتك ,,yt-dlp
rakha,benchmark,El Da7ee7,youtube,Da7ee7,Fw9sVI6SwHI,https://www.youtube.com/watch?v=Fw9sVI6SwHI,,short,30,69000,,,,لو عندك أفكار لحلقات حطها في التعليقات ,,yt-dlp
rakha,benchmark,El Da7ee7,youtube,Da7ee7,YgKyFV8n9Js,https://www.youtube.com/watch?v=YgKyFV8n9Js,,video,568,566000,,,,الدحيح  | مصدر موثوق (Peer Review) ,,yt-dlp
rakha,benchmark,El Da7ee7,youtube,Da7ee7,FQrs9QiwWic,https://www.youtube.com/watch?v=FQrs9QiwWic,,video,454,765000,,,,(Social Comparison) الدحيح  | يانا يا مافيش ,,yt-dlp
rakha,benchmark,El Da7ee7,youtube,Da7ee7,05X0HM4POcM,https://www.youtube.com/watch?v=05X0HM4POcM,,video,497,820000,,,,الدحيح  | دائري الفيزياء (Large Hadron Collider) ,,yt-dlp
rakha,benchmark,El Da7ee7,youtube,Da7ee7,3Db6t_bySco,https://www.youtube.com/watch?v=3Db6t_bySco,,video,292,2800000,,,,الدحيح  | فوائد التدخين- Benefits of Smoking ,,yt-dlp
rakha,benchmark,El Da7ee7,youtube,Da7ee7,xSaSS197mGk,https://www.youtube.com/watch?v=xSaSS197mGk,,video,420,1500000,,,,الدحيح  | اصحاب الكهف (Hibernation) ,,yt-dlp
rakha,benchmark,El Da7ee7,youtube,Da7ee7,hA2y3DwLYug,https://www.youtube.com/watch?v=hA2y3DwLYug,,video,443,461000,,,,الدحيح  |  بوشكاش و الانتخابات (Dunning-Kruger Effect) ,,yt-dlp
rakha,benchmark,El Da7ee7,youtube,Da7ee7,LLqlyv6OEHA,https://www.youtube.com/watch?v=LLqlyv6OEHA,,video,307,432000,,,,الدحيح  | من غير ضرائب  (Transfer Pricing) ,,yt-dlp
rakha,benchmark,El Da7ee7,youtube,Da7ee7,sJd3v5huDeU,https://www.youtube.com/watch?v=sJd3v5huDeU,,short,67,242000,,,,أسبوع العلوم المصري - What About It ,,yt-dlp
rakha,benchmark,El Da7ee7,youtube,Da7ee7,z9VlaSRmcWE,https://www.youtube.com/watch?v=z9VlaSRmcWE,,video,286,2200000,,,,الدحيح | ليه ما بنتكلمش زي الاجانب؟ (Speech Perception) ,,yt-dlp
rakha,benchmark,El Da7ee7,youtube,Da7ee7,m678ClZ9La0,https://www.youtube.com/watch?v=m678ClZ9La0,,video,581,635000,,,,الدحيح  | ده بيأكد كلامي (Ideological Speciation) ,,yt-dlp
